URL,Length-of-url,Numeric Token,Special_chars,Number of Special Characters,Number of Dot Occurences,Dash Count,LetterDigitLetter,Tokens,Alphabet Entropy,Max Token Length,Average Token Length,URL Token Count,Ads_Class
"/yts/jsbin/scheduler-vflLmoSIG/scheduler.js
",44,0,['.'],1,1,1,0,"[""js\\n'"", 'scheduler', 'yts', ""scheduler.js\\n'"", ""b'"", 'jsbin', 'vflLmoSIG']",2.8073549220576046,15,6.857142857142857,7,non-ad
"/yts/jsbin/spf-vflDKOOox/spf.js
",32,0,['.'],1,1,1,0,"[""js\\n'"", ""spf.js\\n'"", 'yts', ""b'"", 'jsbin', 'spf', 'vflDKOOox']",2.8073549220576046,9,5.142857142857143,7,non-ad
"/yts/jsbin/www-en_US-vfl4KMln8/base.js
",39,1,['.'],1,1,2,0,"['base', ""js\\n'"", 'yts', ""b'"", ""base.js\\n'"", 'jsbin', 'en_US', 'vfl4KMln8', 'www']",3.169925001442312,10,5.111111111111111,9,non-ad
"https://static.xx.fbcdn.net/rsrc.php/v3/yT/r/y2br53fSdZN.js
",60,1,"[':', '.', '.', '.', '.', '.']",6,5,0,1,"['', ""js\\n'"", 'r', 'rsrc.php', 'php', 'y2br53fSdZN', ""b'https:"", 'static.xx.fbcdn.net', 'fbcdn', 'net', 'yT', 'rsrc', 'static', 'v3', 'xx', ""y2br53fSdZN.js\\n'""]",4.0,19,6.0,16,non-ad
"portal/wikipedia.org/assets/js/index-66c9b3efbd.js
",51,1,"['.', '.']",2,2,1,1,"[""66c9b3efbd.js\\n'"", ""js\\n'"", 'wikipedia.org', 'assets', 'wikipedia', 'org', 'js', ""b'portal"", '66c9b3efbd', 'index']",3.321928094887362,16,7.7,10,non-ad
"portal/wikipedia.org/assets/js/gt-ie9-a2995951ca.js
",52,1,"['.', '.']",2,2,2,1,"[""js\\n'"", 'wikipedia.org', 'assets', 'wikipedia', 'org', 'ie9', 'js', 'gt', ""b'portal"", 'a2995951ca', ""a2995951ca.js\\n'""]",3.459431618637298,16,7.0,11,non-ad
"//g.alicdn.com/??kissy/k/1.4.14/seed-min.js,mui/global/3.0.31/global-pc.js,mui/global/3.0.31/global.js,mui/globalmodule/3.0.83/seed.js,mui/btscfg-g/3.0.0/index.js,mui/bucket/3.0.4/index.js,mui/globalmodule/3.0.83/global-mod-pc.js,mui/globalmodule/3.0.83/global-mod.js,mui/kissy-polyfill/4.0.16/index.js,mui/babel-polyfill/6.2.4/index.js,mui/fetch/4.1.12/fetch.js,mui/fetch/4.1.12/tool.js,mui/fetch/4.1.12/jsonp.js
",414,1,"['.', '.', '?', '?', '.', '.', '.', ',', '.', '.', '.', ',', '.', '.', '.', ',', '.', '.', '.', ',', '.', '.', '.', ',', '.', '.', '.', ',', '.', '.', '.', ',', '.', '.', '.', ',', '.', '.', '.', ',', '.', '.', '.', ',', '.', '.', '.', ',', '.', '.', '.', ',', '.', '.', '.']",55,41,8,0,"['', '3', 'fetch', '1.4.14', 'alicdn', 'pc', '12', 'globalmodule', ""b'"", 'polyfill', '6', 'seed.js,mui', 'fetch.js,mui', 'tool.js,mui', '4.1.12', 'k', 'bucket', 'min.js,mui', 'global.js,mui', '??kissy', '1', 'g', '0', 'tool', 'jsonp', 'btscfg', '14', '3.0.83', 'pc.js,mui', '83', '31', '2', 'seed', 'mod', '4', ""js\\n'"", 'mod.js,mui', 'index.js,mui', '16', '4.0.16', 'min', 'js,mui', '3.0.0', ""jsonp.js\\n'"", 'babel', 'global', '6.2.4', 'kissy', '3.0.4', 'g.alicdn.com', 'index', '3.0.31']",5.700439718141095,13,5.365384615384615,52,non-ad
"//g.alicdn.com/secdev/pointman/js/index.js
",43,0,"['.', '.', '.']",3,3,0,0,"['', ""index.js\\n'"", 'g', ""js\\n'"", 'alicdn', 'js', ""b'"", 'secdev', 'pointman', 'g.alicdn.com', 'index']",3.459431618637298,12,5.2727272727272725,11,non-ad
"//g.alicdn.com/mui/pc-openshow/3.0.40/??seed.js,index.js
",57,1,"['.', '.', '.', '.', '?', '?', '.', ',', '.']",9,6,1,0,"['', '3', 'g', '0', ""??seed.js,index.js\\n'"", ""js\\n'"", 'alicdn', '40', 'mui', 'pc', 'js,index', ""b'"", '??seed', 'g.alicdn.com', 'openshow', '3.0.40']",4.0,21,5.25,16,non-ad
"//g.alicdn.com/mtb/??lib-windvane/2.0.3/windvane.js
",52,1,"['.', '.', '?', '?', '.', '.', '.']",7,5,1,0,"['', '??lib', 'g', '2.0.3', '0', '3', 'alicdn', ""windvane.js\\n'"", ""js\\n'"", ""b'"", 'windvane', 'g.alicdn.com', '2', 'mtb']",3.8073549220576055,14,4.571428571428571,14,non-ad
"https://s.yimg.com/aaq/cmp/version/2.14.0/cmp.js
",49,1,"[':', '.', '.', '.', '.', '.']",6,5,0,0,"['', 'cmp', '0', ""js\\n'"", 's.yimg.com', '14', 's', ""b'https:"", '2.14.0', 'yimg', ""cmp.js\\n'"", 'aaq', '2', 'version']",3.8073549220576055,10,4.285714285714286,14,non-ad
"https://s.yimg.com/rq/darla/3-6-3/js/g-r-min.js
",48,1,"[':', '.', '.', '.']",4,3,4,0,"['', '3', 'g', ""min.js\\n'"", ""js\\n'"", 's.yimg.com', 'min', 's', ""b'https:"", 'rq', 'darla', 'js', '6', 'yimg', 'r']",3.906890595608518,10,3.533333333333333,15,non-ad
"https://s.yimg.com/zz/combo?yui:/3.18.0/yui/yui-min.js
",55,1,"[':', '.', '.', '?', ':', '.', '.', '.']",8,5,1,0,"['', '3', ""js\\n'"", '0', 'zz', 's.yimg.com', '18', 'min', 's', ""b'https:"", '3.18.0', 'yimg', ""min.js\\n'"", 'combo?yui:', 'yui']",3.906890595608518,10,4.333333333333333,15,non-ad
"https://s.yimg.com/ss/rapid-3.53.2.js
",38,1,"[':', '.', '.', '.', '.', '.']",6,5,1,1,"['', '3', ""js\\n'"", 's.yimg.com', ""3.53.2.js\\n'"", 's', ""b'https:"", 'rapid', '53', 'yimg', '2', 'ss']",3.584962500721156,12,4.25,12,non-ad
"https://s.yimg.com/os/mit/td/aperollup-min-c9473dd9_desktop_advance.js
",71,1,"[':', '.', '.', '.']",4,3,2,1,"['', ""js\\n'"", ""c9473dd9_desktop_advance.js\\n'"", 's.yimg.com', 'min', 's', ""b'https:"", 'c9473dd9_desktop_advance', 'yimg', 'os', 'td', 'mit', 'aperollup']",3.7004397181410926,30,7.769230769230769,13,non-ad
"https://s.yimg.com/os/mit/td/td-applet-specialevent-0.0.52/r-min.js
",68,1,"[':', '.', '.', '.', '.', '.']",6,5,4,0,"['', ""min.js\\n'"", '52', '0', ""js\\n'"", 's.yimg.com', 'applet', 'min', 's', ""b'https:"", 'yimg', 'os', 'r', 'td', 'mit', '0.0.52', 'specialevent']",4.08746284125034,12,4.411764705882353,17,non-ad
"https://s.yimg.com/os/mit/td/td-applet-stream-atomic-2.0.1697/r-min.js
",71,1,"[':', '.', '.', '.', '.', '.']",6,5,5,0,"['', '1697', ""min.js\\n'"", '0', ""js\\n'"", 's.yimg.com', 'applet', 'min', 's', ""b'https:"", '2.0.1697', 'yimg', 'stream', 'os', 'r', 'td', 'mit', '2', 'atomic']",4.247927513443588,10,4.2105263157894735,19,non-ad
"https://s.yimg.com/os/mit/td/td-applet-mega-header-1.0.853/r-min.js
",68,1,"[':', '.', '.', '.', '.', '.']",6,5,5,0,"['', '1', ""min.js\\n'"", '0', ""js\\n'"", 's.yimg.com', 'applet', '1.0.853', 's', ""b'https:"", 'min', '853', 'yimg', 'mega', 'os', 'r', 'td', 'mit', 'header']",4.247927513443588,10,4.0,19,non-ad
"https://s.yimg.com/os/mit/td/td-applet-viewer-0.1.2802/r-min.js
",64,1,"[':', '.', '.', '.', '.', '.']",6,5,4,0,"['', 'viewer', '1', '0', ""min.js\\n'"", '2802', ""js\\n'"", 's.yimg.com', 'applet', 'min', 's', ""b'https:"", '0.1.2802', 'yimg', 'os', 'r', 'td', 'mit']",4.169925001442313,10,4.111111111111111,18,non-ad
"https://s.yimg.com/os/mit/td/td-applet-navlinks-atomic-0.0.90/r-min.js
",71,1,"[':', '.', '.', '.', '.', '.']",6,5,5,0,"['', ""min.js\\n'"", ""js\\n'"", '0', 's.yimg.com', 'applet', 'navlinks', '0.0.90', 's', ""b'https:"", 'min', '90', 'yimg', 'os', 'r', 'td', 'mit', 'atomic']",4.169925001442313,10,4.277777777777778,18,non-ad
"https://s.yimg.com/os/mit/td/td-applet-fp-utils-0.1.293/r-min.js
",65,1,"[':', '.', '.', '.', '.', '.']",6,5,5,0,"['', '0.1.293', '1', '0', ""min.js\\n'"", '293', ""js\\n'"", 's.yimg.com', 'applet', 'min', 's', ""b'https:"", 'fp', 'utils', 'yimg', 'os', 'r', 'td', 'mit']",4.247927513443588,10,3.8421052631578947,19,non-ad
"//g.alicdn.com/??kissy/k/1.4.14/seed-min.js,mui/kissy-polyfill/4.0.16/index.js,mui/zepto/4.0.9/zepto.js,mui/zepto/4.0.9/event.js,mui/zepto/4.0.9/touch.js,mui/mtb-windvane/4.0.3/index.js,mui/babel-polyfill/6.2.7/index.js,mui/mtop/4.1.9/index.js,mui/zebra-dynamic/4.2.12/io.js,mui/zebra-dynamic/4.2.12/ald-bottom.js,mui/fetch/4.1.12/tool.js,mui/zebra-dynamic/4.2.12/request.js,mui/cookie/4.1.0/index.js,mui/zebra-dynamic/4.2.12/plugins/region/index.js,mui/zebra-dynamic/4.2.12/plugins/chaoshi/index.js,mui/zebra-dynamic/4.2.12/plugins/userId/index.js,mui/zebra-dynamic/4.2.12/plugin.js,mui/zebra-dynamic/4.2.12/index.js,mui/common/4.0.105/js/mod-config.js,mui/common/4.0.105/js/event.js,mui/custom-event/4.0.3/index.js,mui/common/4.0.105/js/tm.js,mui/common/4.0.105/js/tool.js,mui/common/4.0.105/js/site-nav.js,mui/common/4.0.105/js/plugin-pc.js,mui/common/4.0.105/index-pc.js,mui/location/4.1.0/get-user-location-by-ip.js,mui/zebra-loader/4.4.15/index.js,mui/bat/5.0.11/index.js,mui/tes/5.0.14/index.js,mui/zebra-oversea-header-pc/4.0.30/index-pc.js
",1049,1,"['.', '.', '?', '?', '.', '.', '.', ',', '.', '.', '.', ',', '.', '.', '.', ',', '.', '.', '.', ',', '.', '.', '.', ',', '.', '.', '.', ',', '.', '.', '.', ',', '.', '.', '.', ',', '.', '.', '.', ',', '.', '.', '.', ',', '.', '.', '.', ',', '.', '.', '.', ',', '.', '.', '.', ',', '.', '.', '.', ',', '.', '.', '.', ',', '.', '.', '.', ',', '.', '.', '.', ',', '.', '.', '.', ',', '.', '.', '.', ',', '.', '.', '.', ',', '.', '.', '.', ',', '.', '.', '.', ',', '.', '.', '.', ',', '.', '.', '.', ',', '.', '.', '.', ',', '.', '.', '.', ',', '.', '.', '.', ',', '.', '.', '.', ',', '.', '.', '.', ',', '.', '.', '.', ',', '.', '.', '.']",127,95,27,0,"['', '1.4.14', ""b'"", 'polyfill', 'k', 'chaoshi', 'zepto', '4.0.3', 'plugins', '4.4.15', '4.0.9', 'region', 'g', '4.1.0', '5.0.14', 'js', 'tm', 'pc.js,mui', '9', 'request.js,mui', 'zepto.js,mui', 'index.js,mui', 'dynamic', '4.0.16', 'min', 'js,mui', '6.2.7', 'mtop', 'ip.js,mui', 'kissy', 'ip', 'by', '11', 'alicdn', '4.0.105', 'nav.js,mui', 'io', 'tm.js,mui', 'min.js,mui', '??kissy', 'tool', '14', 'windvane', '2', 'mod', 'ald', 'babel', 'nav', 'request', 'plugin.js,mui', '3', 'bottom', 'fetch', '5', '7', 'zebra', 'bat', '6', 'tool.js,mui', 'userId', '4.1.12', 'config.js,mui', 'bottom.js,mui', '4.2.12', 'plugin', 'config', 'common', 'user', 'touch.js,mui', 'io.js,mui', '105', '30', '4', ""js\\n'"", '16', 'custom', 'location', 'index', 'tes', 'cookie', '12', 'pc', 'get', 'loader', 'event.js,mui', 'touch', '1', 'event', '0', '15', 'seed', ""pc.js\\n'"", '4.0.30', 'oversea', '4.1.9', 'site', '5.0.11', 'g.alicdn.com', 'mtb', 'header']",6.6438561897747395,14,5.35,100,non-ad
"//g.alicdn.com/secdev/pointman/js/index.js
",43,0,"['.', '.', '.']",3,3,0,0,"['', ""index.js\\n'"", 'g', ""js\\n'"", 'alicdn', 'js', ""b'"", 'secdev', 'pointman', 'g.alicdn.com', 'index']",3.459431618637298,12,5.2727272727272725,11,non-ad
"/i/js_inst?c_name=ui_metrics
",29,0,['?'],1,0,0,0,"[""js_inst?c_name=ui_metrics\\n'"", 'i', ""b'""]",1.584962500721156,28,10.333333333333334,3,non-ad
"/i/js_inst?c_name=ui_metrics
",29,0,['?'],1,0,0,0,"[""js_inst?c_name=ui_metrics\\n'"", 'i', ""b'""]",1.584962500721156,28,10.333333333333334,3,non-ad
"https://abs.twimg.com/k/en/init.en.374a34b193c9f3a3fa16.js
",59,1,"[':', '.', '.', '.', '.', '.']",6,5,0,1,"['', 'en', '374a34b193c9f3a3fa16', 'abs.twimg.com', 'init', ""js\\n'"", ""b'https:"", 'twimg', 'abs', 'k', ""init.en.374a34b193c9f3a3fa16.js\\n'""]",3.459431618637298,34,8.636363636363637,11,non-ad
"//statics.itc.cn/web/v3/static/js/lib-61587d9fb8.js
",52,1,"['.', '.', '.']",3,3,1,1,"['', 'statics', 'static', '61587d9fb8', ""js\\n'"", 'js', ""b'"", 'itc', 'cn', ""61587d9fb8.js\\n'"", 'statics.itc.cn', 'v3', 'lib', 'web']",3.8073549220576055,16,5.357142857142857,14,non-ad
"//39d0825d09f05.cdn.sohucs.com/sdk/passport-4.0.3.js
",53,1,"['.', '.', '.', '.', '.', '.']",6,6,1,1,"['', '39d0825d09f05.cdn.sohucs.com', '4', '0', '3', ""js\\n'"", '39d0825d09f05', 'sohucs', 'cdn', 'sdk', ""b'"", ""4.0.3.js\\n'"", 'passport']",3.7004397181410926,28,6.3076923076923075,13,non-ad
"//txt.go.sohu.com/ip/soip
",26,0,"['.', '.', '.']",3,3,0,0,"['', 'txt.go.sohu.com', ""b'"", 'txt', 'go', ""soip\\n'"", 'ip', 'sohu']",3.0,15,4.375,8,non-ad
"//statics.itc.cn/web/v3/static/js/main-2f416ac79a.js
",53,1,"['.', '.', '.']",3,3,1,1,"['', 'statics', 'static', ""js\\n'"", ""2f416ac79a.js\\n'"", 'main', 'js', ""b'"", '2f416ac79a', 'itc', 'cn', 'statics.itc.cn', 'v3', 'web']",3.8073549220576055,16,5.428571428571429,14,non-ad
"//statics.itc.cn/spm/prod/js/1.0.1/index.js
",44,1,"['.', '.', '.', '.', '.']",5,5,0,0,"['', 'statics', '1', '0', ""index.js\\n'"", ""js\\n'"", 'spm', 'js', ""b'"", 'prod', '1.0.1', 'itc', 'cn', 'statics.itc.cn', 'index']",3.906890595608518,14,4.333333333333333,15,non-ad
"//js.sohu.com/libpv.js
",23,0,"['.', '.', '.']",3,3,0,0,"['', ""js\\n'"", ""libpv.js\\n'"", 'js', ""b'"", 'js.sohu.com', 'sohu', 'libpv']",3.0,11,5.0,8,non-ad
"//images.sohu.com/bill/default/sohu-require.js
",47,0,"['.', '.', '.']",3,3,1,0,"['', ""js\\n'"", ""b'"", 'sohu', 'default', ""require.js\\n'"", 'require', 'images.sohu.com', 'images', 'bill']",3.321928094887362,15,6.3,10,non-ad
"//www.sohu.com/sohuflash_1.js
",30,1,"['.', '.', '.']",3,3,0,1,"['', ""js\\n'"", 'sohuflash_1', ""b'"", 'www.sohu.com', 'www', 'sohu', ""sohuflash_1.js\\n'""]",3.0,17,6.75,8,non-ad
"//images.sohu.com/bill/s2015/jscript/lib/sjs/matrix/ad/form/delivery.js
",72,1,"['.', '.', '.']",3,3,0,0,"['', 'delivery', ""js\\n'"", ""delivery.js\\n'"", 'sjs', 'ad', ""b'"", 'sohu', 'jscript', 'form', 'matrix', 's2015', 'lib', 'images.sohu.com', 'images', 'bill']",4.0,15,5.5,16,ad
"//images.sohu.com/bill/s2015/jscript/lib/sjs/matrix/pv/pagePVmonitor.js
",72,1,"['.', '.', '.']",3,3,0,0,"['', 'pv', ""js\\n'"", ""pagePVmonitor.js\\n'"", 'pagePVmonitor', 'sjs', ""b'"", 'sohu', 'jscript', 'matrix', 's2015', 'lib', 'images.sohu.com', 'images', 'bill']",3.906890595608518,19,6.266666666666667,15,non-ad
"//statics.itc.cn/index/reyzar.statistics-0.02-min.js
",53,1,"['.', '.', '.', '.', '.']",5,5,2,1,"['', 'statics', 'reyzar.statistics', ""min.js\\n'"", '0.02', 'reyzar', '0', ""js\\n'"", 'min', 'statistics', ""b'"", '02', 'itc', 'cn', 'statics.itc.cn', 'index']",4.0,17,5.625,16,non-ad
"//misc.360buyimg.com/??jdf/lib/jquery-1.6.4.js,mtd/pc/common/js/o2_ua.js,mtd/pc/base/1.0.0/event.js,mtd/pc/index_2017/2.1.0/lib/base.dll.js,mtd/pc/index_2017/2.1.0/home/index.js?v=1
",182,1,"['.', '.', '?', '?', '.', '.', '.', ',', '.', ',', '.', '.', '.', ',', '.', '.', '.', '.', ',', '.', '.', '.', '?']",23,16,1,1,"['', '1.0.0', '1.6.4.js,mtd', 'dll', 'pc', ""b'"", 'jquery', 'index_2017', '6', '??jdf', 'event.js,mtd', 'misc', 'home', 'misc.360buyimg.com', '360buyimg', 'common', 'o2_ua', '1', 'event', '0', 'js', ""index.js?v=1\\n'"", 'base.dll.js,mtd', '2.1.0', 'js,mtd', '2', '4', 'base', 'o2_ua.js,mtd', 'lib', 'index', ""js?v=1\\n'""]",5.0,18,5.90625,32,non-ad
"//wl.jd.com/wl.js
",18,0,"['.', '.', '.']",3,3,0,0,"['', ""js\\n'"", 'jd', ""wl.js\\n'"", ""b'"", 'wl.jd.com', 'wl']",2.8073549220576046,9,4.0,7,non-ad
"https://r1.res.office365.com/owalanding/v2.11/landing.js
",57,1,"[':', '.', '.', '.', '.', '.']",6,5,0,1,"['', ""js\\n'"", ""landing.js\\n'"", 'r1.res.office365.com', '11', 'office365', ""b'https:"", 'res', 'v2.11', 'r1', 'landing', 'v2', 'owalanding']",3.7004397181410926,20,6.615384615384615,13,non-ad
"https://az725175.vo.msecnd.net/scripts/jsll-4.js
",49,1,"[':', '.', '.', '.', '.']",5,4,1,1,"['', '4', ""js\\n'"", 'scripts', ""4.js\\n'"", 'vo', ""b'https:"", 'az725175.vo.msecnd.net', 'jsll', 'msecnd', 'net', 'az725175']",3.584962500721156,22,6.083333333333333,12,non-ad
"/js/cmodules/mobile/grip.js?26173135451
",40,1,"['.', '?']",2,1,0,0,"['cmodules', 'grip', 'js', ""b'"", ""grip.js?26173135451\\n'"", 'mobile', ""js?26173135451\\n'""]",2.8073549220576046,22,8.714285714285714,7,non-ad
"/static/bundles/metro/Polyfills.js/c378c5c03a10.js
",51,1,"['.', '.']",2,2,0,1,"[""js\\n'"", 'metro', 'bundles', 'js', ""b'"", 'Polyfills.js', 'Polyfills', 'c378c5c03a10', ""c378c5c03a10.js\\n'"", 'static']",3.321928094887362,18,7.8,10,non-ad
"/static/bundles/metro/Vendor.js/b9b00b19edc2.js
",48,1,"['.', '.']",2,2,0,1,"[""js\\n'"", 'Vendor.js', 'metro', 'bundles', 'js', ""b'"", 'Vendor', 'static', 'b9b00b19edc2', ""b9b00b19edc2.js\\n'""]",3.321928094887362,18,7.2,10,non-ad
"/static/bundles/metro/en_US.js/a90a87703843.js
",47,1,"['.', '.']",2,2,0,1,"[""js\\n'"", 'metro', 'bundles', 'js', ""b'"", 'en_US.js', 'en_US', ""a90a87703843.js\\n'"", 'static', 'a90a87703843']",3.321928094887362,18,7.0,10,non-ad
"/static/bundles/metro/ConsumerCommons.js/3a5b9f8431a9.js
",57,1,"['.', '.']",2,2,0,1,"[""js\\n'"", 'metro', 'bundles', 'ConsumerCommons', ""b'"", 'js', '3a5b9f8431a9', 'ConsumerCommons.js', 'static', ""3a5b9f8431a9.js\\n'""]",3.321928094887362,18,9.0,10,non-ad
"/static/bundles/metro/Consumer.js/abdbabe4ca30.js
",50,1,"['.', '.']",2,2,0,1,"[""js\\n'"", 'metro', 'abdbabe4ca30', 'bundles', 'js', 'Consumer.js', ""b'"", 'Consumer', 'static', ""abdbabe4ca30.js\\n'""]",3.321928094887362,18,7.6,10,non-ad
"/static/bundles/metro/LandingPage.js/e2203eb17f40.js
",53,1,"['.', '.']",2,2,0,1,"[""js\\n'"", ""e2203eb17f40.js\\n'"", 'metro', 'LandingPage.js', 'e2203eb17f40', 'bundles', 'js', ""b'"", 'LandingPage', 'static']",3.321928094887362,18,8.2,10,non-ad
"//js.t.sinajs.cn/t6/home/js/pl/top/topInit.js?version=ae9a9ec008078a68
",71,1,"['.', '.', '.', '.', '?']",5,4,0,0,"['', 'sinajs', ""js?version=ae9a9ec008078a68\\n'"", 'home', ""topInit.js?version=ae9a9ec008078a68\\n'"", 'js', ""b'"", 'top', 't6', 'pl', 'topInit', 'cn', 't', 'js.t.sinajs.cn']",3.8073549220576055,38,8.071428571428571,14,non-ad
"//js.t.sinajs.cn/t5/register/js/v6/pl/base.js?version=ae9a9ec008078a68
",71,1,"['.', '.', '.', '.', '?']",5,4,0,0,"['', 'sinajs', 'base', ""js?version=ae9a9ec008078a68\\n'"", ""base.js?version=ae9a9ec008078a68\\n'"", 't5', 'js', ""b'"", 'register', 'pl', 'v6', 'cn', 't', 'js.t.sinajs.cn']",3.8073549220576055,35,7.857142857142857,14,non-ad
"//yastatic.net/jquery/2.1.4/jquery.min.js
",42,1,"['.', '.', '.', '.', '.']",5,5,0,0,"['', '1', '4', '2.1.4', ""js\\n'"", 'min', ""b'"", 'jquery', 'net', 'yastatic', ""jquery.min.js\\n'"", '2', 'yastatic.net']",3.7004397181410926,16,4.846153846153846,13,non-ad
"//yastatic.net/www/_/_/g/Sb0ESmEPEnJGNmMtjIg8zE5HI.js
",54,1,"['.', '.']",2,2,0,1,"['', '_', 'g', ""js\\n'"", ""Sb0ESmEPEnJGNmMtjIg8zE5HI.js\\n'"", ""b'"", 'net', 'yastatic', 'www', 'yastatic.net', 'Sb0ESmEPEnJGNmMtjIg8zE5HI']",3.459431618637298,31,8.272727272727273,11,non-ad
"https://mc.yandex.ru/metrika/watch.js
",38,0,"[':', '.', '.', '.']",4,3,0,0,"['', 'metrika', ""js\\n'"", 'mc.yandex.ru', ""b'https:"", 'watch', 'mc', 'ru', ""watch.js\\n'"", 'yandex']",3.321928094887362,12,5.8,10,non-ad
"//d3.sina.com.cn/litong/zhitou/sinaads/release/sinaads.js
",58,1,"['.', '.', '.', '.']",4,4,0,1,"['', 'd3.sina.com.cn', 'zhitou', 'release', ""js\\n'"", 'd3', ""b'"", 'cn', ""sinaads.js\\n'"", 'litong', 'sina', 'sinaads']",3.584962500721156,14,5.666666666666667,12,non-ad
"//news.sina.com.cn/js/pctianyi/sima.js
",39,0,"['.', '.', '.', '.']",4,4,0,0,"['', ""js\\n'"", ""sima.js\\n'"", 'sima', 'js', ""b'"", 'news', 'cn', 'sina', 'pctianyi', 'news.sina.com.cn']",3.459431618637298,16,5.181818181818182,11,non-ad
"//n.sinaimg.cn/ent/js/lib/jquery-1.7.2.js
",42,1,"['.', '.', '.', '.', '.']",5,5,1,1,"['', '1', ""js\\n'"", 'sinaimg', '7', 'ent', ""1.7.2.js\\n'"", 'js', ""b'"", 'cn', 'jquery', 'n.sinaimg.cn', '2', 'lib', 'n']",3.906890595608518,12,3.8,15,non-ad
"//d3.sina.com.cn/litong/zhitou/sinaads/demo/wanglt/sinaIndexAD/edu_ad_change.js
",80,1,"['.', '.', '.', '.']",4,4,0,1,"['', 'd3.sina.com.cn', 'zhitou', 'demo', 'wanglt', ""edu_ad_change.js\\n'"", ""js\\n'"", 'd3', ""b'"", 'cn', 'litong', 'sinaIndexAD', 'edu_ad_change', 'sina', 'sinaads']",3.906890595608518,19,6.733333333333333,15,ad
"//i.sso.sina.com.cn/js/ssologin.js
",35,0,"['.', '.', '.', '.', '.']",5,5,0,0,"['', 'i.sso.sina.com.cn', 'i', ""js\\n'"", 'sso', ""ssologin.js\\n'"", 'js', ""b'"", 'cn', 'ssologin', 'sina']",3.459431618637298,17,5.2727272727272725,11,non-ad
"//news.sina.com.cn/sso/outlogin_layer.js
",41,0,"['.', '.', '.', '.']",4,4,0,0,"['', ""js\\n'"", 'sso', ""b'"", 'news', 'cn', 'outlogin_layer', 'sina', 'news.sina.com.cn', ""outlogin_layer.js\\n'""]",3.321928094887362,20,7.0,10,non-ad
"//news.sina.com.cn/sso/user_panel_homepage.js
",46,0,"['.', '.', '.', '.']",4,4,0,0,"['', ""js\\n'"", 'sso', ""user_panel_homepage.js\\n'"", ""b'"", 'news', 'cn', 'user_panel_homepage', 'sina', 'news.sina.com.cn']",3.321928094887362,25,8.0,10,non-ad
"//auto.sina.com.cn/sinaauto/2016/sinahome/chooseCars.js
",56,1,"['.', '.', '.', '.']",4,4,0,0,"['', 'auto', ""chooseCars.js\\n'"", 'sinaauto', ""js\\n'"", 'sinahome', 'chooseCars', ""b'"", 'cn', '2016', 'sina', 'auto.sina.com.cn']",3.584962500721156,16,6.583333333333333,12,non-ad
"//d3.sina.com.cn/d1images/sinaads_entry/sinaads_entry_index.js
",63,1,"['.', '.', '.', '.']",4,4,0,1,"['', 'd3.sina.com.cn', ""js\\n'"", 'd1images', ""sinaads_entry_index.js\\n'"", 'd3', ""b'"", 'cn', 'sinaads_entry_index', 'sina', 'sinaads_entry']",3.459431618637298,25,8.545454545454545,11,non-ad
"//www.sina.com.cn/js/79/2013/0717/fix.js
",41,1,"['.', '.', '.', '.']",4,4,0,0,"['', '79', ""fix.js\\n'"", ""js\\n'"", '2013', 'js', ""b'"", 'cn', 'fix', 'www.sina.com.cn', 'sina', 'www', '0717']",3.7004397181410926,15,4.230769230769231,13,non-ad
"//www.sina.com.cn/edublk/college_json.js
",41,0,"['.', '.', '.', '.']",4,4,0,0,"['', ""js\\n'"", 'edublk', ""college_json.js\\n'"", 'college_json', ""b'"", 'cn', 'www.sina.com.cn', 'sina', 'www']",3.321928094887362,18,6.7,10,non-ad
"//n.sinaimg.cn/homepage/js/choose_edu1.js
",42,1,"['.', '.', '.']",3,3,0,1,"['', 'choose_edu1', ""js\\n'"", 'sinaimg', ""choose_edu1.js\\n'"", 'js', ""b'"", 'cn', 'homepage', 'n.sinaimg.cn', 'n']",3.459431618637298,17,6.090909090909091,11,non-ad
"//i1.sinaimg.cn/unipro/pub/suda_m_v630.js
",42,1,"['.', '.', '.']",3,3,0,1,"['', ""js\\n'"", 'sinaimg', 'i1.sinaimg.cn', 'suda_m_v630', ""b'"", 'pub', 'cn', 'i1', 'unipro', ""suda_m_v630.js\\n'""]",3.459431618637298,17,6.181818181818182,11,non-ad
"//s.ssl.qhimg.com/static/0729c697c74a3b98.js
",45,1,"['.', '.', '.', '.']",4,4,0,1,"['', ""js\\n'"", 's.ssl.qhimg.com', 's', ""b'"", '0729c697c74a3b98', 'qhimg', ""0729c697c74a3b98.js\\n'"", 'ssl', 'static']",3.321928094887362,22,7.5,10,non-ad
"//s.ssl.qhmsg.com/static/0e4b4f909dd26431/jquery,qw.core.js
",60,1,"['.', '.', '.', ',', '.', '.']",6,5,0,0,"['', ""js\\n'"", 's', ""b'"", '0e4b4f909dd26431', 'core', 'jquery,qw', ""jquery,qw.core.js\\n'"", 'ssl', 'static', 'qhmsg', 's.ssl.qhmsg.com']",3.584962500721156,20,7.166666666666667,12,non-ad
"//s.ssl.qhimg.com/static/f5407c785655e6a1/monitor_analytic.js
",62,1,"['.', '.', '.', '.']",4,4,0,0,"['', ""js\\n'"", 's.ssl.qhimg.com', 's', ""b'"", 'f5407c785655e6a1', 'qhimg', 'monitor_analytic', ""monitor_analytic.js\\n'"", 'ssl', 'static']",3.459431618637298,22,8.272727272727273,11,non-ad
"//s.ssl.qhmsg.com/!073cb963/Cookie.js
",38,1,"['.', '.', '.', '!', '.']",5,4,0,0,"['', ""js\\n'"", 's', 'Cookie', ""b'"", '!073cb963', ""Cookie.js\\n'"", 'ssl', 'qhmsg', 's.ssl.qhmsg.com']",3.321928094887362,15,5.8,10,non-ad
"//s.ssl.qhmsg.com/!b9cea183/lightbox.js
",40,1,"['.', '.', '.', '!', '.']",5,4,0,0,"['', ""js\\n'"", 's', 'lightbox', ""b'"", '!b9cea183', 'ssl', 'qhmsg', 's.ssl.qhmsg.com', ""lightbox.js\\n'""]",3.321928094887362,15,6.2,10,non-ad
"//s.ssl.qhimg.com/static/e06d0b69be58c40c.js
",45,1,"['.', '.', '.', '.']",4,4,0,1,"['', ""js\\n'"", 's.ssl.qhimg.com', 's', 'e06d0b69be58c40c', ""e06d0b69be58c40c.js\\n'"", ""b'"", 'qhimg', 'ssl', 'static']",3.321928094887362,22,7.5,10,non-ad
"//s.ssl.qhimg.com/static/85a9725bb0e32f2a.js
",45,1,"['.', '.', '.', '.']",4,4,0,1,"['', ""85a9725bb0e32f2a.js\\n'"", ""js\\n'"", 's.ssl.qhimg.com', '85a9725bb0e32f2a', 's', ""b'"", 'qhimg', 'ssl', 'static']",3.321928094887362,22,7.5,10,non-ad
"//s.ssl.qhimg.com/static/4d2a0452538a9fa4.js
",45,1,"['.', '.', '.', '.']",4,4,0,1,"['', ""js\\n'"", 's.ssl.qhimg.com', ""4d2a0452538a9fa4.js\\n'"", 's', '4d2a0452538a9fa4', ""b'"", 'qhimg', 'ssl', 'static']",3.321928094887362,22,7.5,10,non-ad
"//s.ssl.qhimg.com/static/542de339a50753c0.js
",45,1,"['.', '.', '.', '.']",4,4,0,1,"['', ""js\\n'"", 's.ssl.qhimg.com', 's', ""b'"", 'qhimg', 'ssl', 'static', ""542de339a50753c0.js\\n'"", '542de339a50753c0']",3.321928094887362,22,7.5,10,non-ad
"//s.ssl.qhimg.com/static/72a3b5b755877d15.js
",45,1,"['.', '.', '.', '.']",4,4,0,1,"['', '72a3b5b755877d15', ""js\\n'"", 's.ssl.qhimg.com', 's', ""b'"", 'qhimg', 'ssl', 'static', ""72a3b5b755877d15.js\\n'""]",3.321928094887362,22,7.5,10,non-ad
"//s.ssl.qhimg.com/static/ef8d5a324caca072.js
",45,1,"['.', '.', '.', '.']",4,4,0,1,"['', ""js\\n'"", 's.ssl.qhimg.com', 's', ""b'"", 'ef8d5a324caca072', 'qhimg', 'ssl', 'static', ""ef8d5a324caca072.js\\n'""]",3.321928094887362,22,7.5,10,non-ad
"//s.ssl.qhimg.com/static/224605e7eefeb438.js
",45,1,"['.', '.', '.', '.']",4,4,0,1,"['', ""js\\n'"", 's.ssl.qhimg.com', 's', ""b'"", 'qhimg', 'ssl', 'static', ""224605e7eefeb438.js\\n'"", '224605e7eefeb438']",3.321928094887362,22,7.5,10,non-ad
"//s.ssl.qhimg.com/static/ba1c06c2ff5f4724.js
",45,1,"['.', '.', '.', '.']",4,4,0,1,"['', ""js\\n'"", 's.ssl.qhimg.com', ""ba1c06c2ff5f4724.js\\n'"", 'ba1c06c2ff5f4724', 's', ""b'"", 'qhimg', 'ssl', 'static']",3.321928094887362,22,7.5,10,non-ad
"//s.ssl.qhimg.com/static/42d436a78954a123.js
",45,1,"['.', '.', '.', '.']",4,4,0,1,"['', ""js\\n'"", 's.ssl.qhimg.com', 's', ""b'"", ""42d436a78954a123.js\\n'"", 'qhimg', 'ssl', 'static', '42d436a78954a123']",3.321928094887362,22,7.5,10,non-ad
"//ajax.googleapis.com/ajax/libs/webfont/1.5.10/webfont.js
",58,1,"['.', '.', '.', '.', '.']",5,5,0,0,"['', 'libs', 'webfont', '1', '5', ""webfont.js\\n'"", ""js\\n'"", '10', ""b'"", '1.5.10', 'ajax.googleapis.com', 'ajax', 'googleapis']",3.7004397181410926,19,5.6923076923076925,13,non-ad
"js/main.min.js?v=1476060773
",28,1,"['.', '.', '?']",3,2,0,0,"[""js?v=1476060773\\n'"", 'main', ""main.min.js?v=1476060773\\n'"", 'min', ""b'js""]",2.321928094887362,27,11.2,5,non-ad
"https://codex.nflxext.com/%5E2.0.0/truthBundle/webui/0.0.1-nmhp-js-mk-vd94e5075/js/js/bootstrap.js,common%7Cbootstrap.js/1/7258/bck/true/none
",142,1,"[':', '.', '.', '%', '.', '.', '.', '.', '.', ',', '%', '.']",12,8,4,1,"['', 'codex.nflxext.com', '0.0.1', 'nflxext', 'vd94e5075', ""b'https:"", ""none\\n'"", '%5E2', 'mk', 'truthBundle', 'bootstrap.js,common%7Cbootstrap.js', 'true', '1', '0', 'webui', 'codex', 'js', '7258', 'bootstrap', 'nmhp', '%5E2.0.0', 'js,common%7Cbootstrap', 'bck']",4.523561956057013,34,7.434782608695652,23,non-ad
"https://codex.nflxext.com/%5E2.0.0/truthBundle/webui/0.0.1-nmhp-js-mk-vd94e5075/js/js/signup%7Chome%7Clite%7Cclient.js/1/7258/l/true/none
",138,1,"[':', '.', '.', '%', '.', '.', '.', '.', '%', '%', '%', '.']",12,7,4,1,"['', 'codex.nflxext.com', '0.0.1', 'nflxext', 'vd94e5075', ""b'https:"", ""none\\n'"", '%5E2', 'mk', 'truthBundle', 'true', 'signup%7Chome%7Clite%7Cclient.js', '1', '0', 'webui', 'codex', 'js', '7258', 'nmhp', '%5E2.0.0', 'signup%7Chome%7Clite%7Cclient', 'l']",4.459431618637295,32,7.545454545454546,22,non-ad
"https://static.licdn.com/scds/concat/common/js?h=7ndrn0f9fw0hum7uoqcjcnzne-95d8d303rtd0n9wj4dcjbnh2c-7vr4nuab43rzvy2pgq7yvvxjk-9qa4rfxekcw3lt2c06h7p0kmf
",153,1,"[':', '.', '.', '?']",4,2,3,1,"['', 'licdn', ""b'https:"", 'concat', ""9qa4rfxekcw3lt2c06h7p0kmf\\n'"", '7vr4nuab43rzvy2pgq7yvvxjk', 'scds', 'common', 'static', '95d8d303rtd0n9wj4dcjbnh2c', 'js?h=7ndrn0f9fw0hum7uoqcjcnzne', 'static.licdn.com']",3.584962500721156,30,13.25,12,non-ad
"https://static.licdn.com/scds/concat/common/js?h=e2lgukqldpqool72t8g7tysag-3nuvxgwg15rbghxm1gpzfbya2-29vgbxhpgmpj3o24uuxsdslc0-mv3v66b8q0h1hvgvd3yfjv5f-14k913qahq3mh0ac0lh0twk9v
",178,1,"[':', '.', '.', '?']",4,2,4,1,"['', 'js?h=e2lgukqldpqool72t8g7tysag', 'licdn', ""b'https:"", ""14k913qahq3mh0ac0lh0twk9v\\n'"", 'concat', '3nuvxgwg15rbghxm1gpzfbya2', '29vgbxhpgmpj3o24uuxsdslc0', 'scds', 'common', 'static', 'mv3v66b8q0h1hvgvd3yfjv5f', 'static.licdn.com']",3.7004397181410926,30,14.076923076923077,13,non-ad
"https://static.licdn.com/sc/h/3qk7aqkysw7gz575y2ma1e5ky
",56,1,"[':', '.', '.']",3,2,0,1,"['', ""3qk7aqkysw7gz575y2ma1e5ky\\n'"", 'licdn', ""b'https:"", 'sc', 'static', 'h', 'static.licdn.com']",3.0,28,8.25,8,non-ad
"https://static.licdn.com/sc/h/19dd5wwuyhbk7uttxpuelttdg
",56,1,"[':', '.', '.']",3,2,0,1,"['', 'licdn', ""b'https:"", 'sc', ""19dd5wwuyhbk7uttxpuelttdg\\n'"", 'static', 'h', 'static.licdn.com']",3.0,28,8.25,8,non-ad
"https://static.licdn.com/scds/concat/common/js?h=7dt162oar7uci911egb332w3g-44hhbxag3hinac547ym9vby09-5jratctnqzzuc1057yivxswgf-9zz2lhu3eq1epk7sq1t8cdb5s-eound1d1xhqm86h7g2p57b94l-edgsl2z4e4gk56cy2m5kbpp1q-acgipb6zomeaovod456pb7yjs-bctwwqj7p01tcj2smshz2bboe-88ec8b078z4fzj5q3z4qowg63-bftaa82sjwcbrohoe28skni7b-58m2n4boqb1vxfd6hgd34auwd-dksuef1kjeuyovuvqowr79mf0-cfabcg4u1cj0em4yissh5mfxu
",387,1,"[':', '.', '.', '?']",4,2,12,1,"['', 'edgsl2z4e4gk56cy2m5kbpp1q', ""b'https:"", 'bftaa82sjwcbrohoe28skni7b', 'concat', 'scds', 'static', 'eound1d1xhqm86h7g2p57b94l', 'common', '44hhbxag3hinac547ym9vby09', 'js?h=7dt162oar7uci911egb332w3g', 'licdn', '9zz2lhu3eq1epk7sq1t8cdb5s', 'acgipb6zomeaovod456pb7yjs', ""cfabcg4u1cj0em4yissh5mfxu\\n'"", 'dksuef1kjeuyovuvqowr79mf0', '88ec8b078z4fzj5q3z4qowg63', 'bctwwqj7p01tcj2smshz2bboe', '58m2n4boqb1vxfd6hgd34auwd', '5jratctnqzzuc1057yivxswgf', 'static.licdn.com']",4.39231742277876,30,18.285714285714285,21,non-ad
"https://static.licdn.com/scds/concat/common/js?h=3kp2aedn5pmamdr4dk4n8atur-3ti5bgrnb6idjtk0w4chaigxe-5hqr1i1uoezoj0z1s5gcxojf2-71o37tcjwl0ishto9izvyml3i-3bbdjshpw5ov0rwa8xe08tp97-cayct4cirf7n0f9z1xsg84g0q-dktkawxk7k8pixuh5g8z5ku32-213zbp2wzp99lviwl8g2cvq6i-1lknwtftishpdmobzm413yc7u-bcxa0v9ke411pjpmz4s239f9b-9n6qsrrqj2t3lkqeon9kevq6y-2s77lcl0ztx2c5fzyqvglptj1-1o1jaeb56loy3vv8018s13dno-8h514j3fiwnzuwkt66sbxsu8f-di2z9sra5co9la7ogqyesywin
",439,1,"[':', '.', '.', '?']",4,2,14,1,"['', '9n6qsrrqj2t3lkqeon9kevq6y', 'cayct4cirf7n0f9z1xsg84g0q', ""b'https:"", 'concat', 'js?h=3kp2aedn5pmamdr4dk4n8atur', 'dktkawxk7k8pixuh5g8z5ku32', 'scds', 'static', '1o1jaeb56loy3vv8018s13dno', '1lknwtftishpdmobzm413yc7u', ""di2z9sra5co9la7ogqyesywin\\n'"", '5hqr1i1uoezoj0z1s5gcxojf2', 'common', 'bcxa0v9ke411pjpmz4s239f9b', 'licdn', '71o37tcjwl0ishto9izvyml3i', '8h514j3fiwnzuwkt66sbxsu8f', '3bbdjshpw5ov0rwa8xe08tp97', '3ti5bgrnb6idjtk0w4chaigxe', '213zbp2wzp99lviwl8g2cvq6i', 'static.licdn.com', '2s77lcl0ztx2c5fzyqvglptj1']",4.523561956057013,30,18.869565217391305,23,non-ad
"https://static.licdn.com/sc/h/8foqob1mrx9w6afaelk7wiil7,27ftp26z6dvrdcg640xdatntb,c0d04mgupo5vyboc76prvjq4h
",108,1,"[':', '.', '.', ',', ',']",5,2,0,1,"['', ""8foqob1mrx9w6afaelk7wiil7,27ftp26z6dvrdcg640xdatntb,c0d04mgupo5vyboc76prvjq4h\\n'"", 'licdn', ""b'https:"", 'sc', 'static', 'h', 'static.licdn.com']",3.0,80,14.75,8,non-ad
"https://static.licdn.com/scds/concat/common/js?h=82i5b2jv41vqmfkb5brdajvv-e7xlsv13j9f9fgq7i82f6mifw
",100,1,"[':', '.', '.', '?']",4,2,1,1,"['', 'licdn', ""b'https:"", 'concat', 'js?h=82i5b2jv41vqmfkb5brdajvv', ""e7xlsv13j9f9fgq7i82f6mifw\\n'"", 'scds', 'common', 'static', 'static.licdn.com']",3.321928094887362,29,10.8,10,non-ad
"https://static.licdn.com/scds/concat/common/js?h=69w33ou4umkyupw2uqgn7za7w
",75,1,"[':', '.', '.', '?']",4,2,0,1,"['', ""js?h=69w33ou4umkyupw2uqgn7za7w\\n'"", 'licdn', ""b'https:"", 'concat', 'scds', 'common', 'static', 'static.licdn.com']",3.169925001442312,33,9.333333333333334,9,non-ad
"https://static.twitchcdn.net/config/settings.325a38320a0f94ba0ef68ee75152f77b.js
",81,1,"[':', '.', '.', '.', '.']",5,4,0,1,"['', 'twitchcdn', '325a38320a0f94ba0ef68ee75152f77b', ""js\\n'"", ""settings.325a38320a0f94ba0ef68ee75152f77b.js\\n'"", 'settings', 'static.twitchcdn.net', ""b'https:"", 'config', 'net', 'static']",3.459431618637298,47,13.090909090909092,11,non-ad
"https://polyfill.twitchsvc.net/v2/polyfill.min.js?unknown=polyfill&flags=gated&features=Array.prototype.find,Array.prototype.findIndex,Array.prototype.includes,default,fetch,Intl.~locale.en,Object.entries,Object.values,URL
",223,1,"[':', '.', '.', '.', '.', '?', '&', '&', '.', '.', ',', '.', '.', ',', '.', '.', ',', ',', ',', '.', '.', ',', '.', ',', '.', ',']",26,14,0,0,"['', '~locale', ""polyfill.min.js?unknown=polyfill&flags=gated&features=Array.prototype.find,Array.prototype.findIndex,Array.prototype.includes,default,fetch,Intl.~locale.en,Object.entries,Object.values,URL\\n'"", 'en,Object', 'min', ""b'https:"", 'twitchsvc', 'polyfill', 'js?unknown=polyfill&flags=gated&features=Array', 'net', 'includes,default,fetch,Intl', 'polyfill.twitchsvc.net', 'prototype', 'find,Array', 'v2', 'findIndex,Array', 'entries,Object', ""values,URL\\n'""]",4.169925001442313,191,22.0,18,non-ad
"https://static.twitchcdn.net/assets/vendor-532e142018c351642676.js
",67,1,"[':', '.', '.', '.']",4,3,1,1,"['', 'twitchcdn', ""js\\n'"", 'assets', '532e142018c351642676', 'static.twitchcdn.net', ""b'https:"", 'net', ""532e142018c351642676.js\\n'"", 'static', 'vendor']",3.459431618637298,26,9.909090909090908,11,non-ad
"https://static.twitchcdn.net/assets/core-c1b68c0ff66ded30b7b2.js
",65,1,"[':', '.', '.', '.']",4,3,1,1,"['', 'twitchcdn', ""js\\n'"", 'assets', 'static.twitchcdn.net', ""b'https:"", 'c1b68c0ff66ded30b7b2', ""c1b68c0ff66ded30b7b2.js\\n'"", 'core', 'net', 'static']",3.459431618637298,26,9.727272727272727,11,non-ad
"/assets/desktop/vendor.05e3bee877f86e544ef2.min.js
",51,1,"['.', '.', '.']",3,3,0,1,"[""js\\n'"", 'assets', 'min', ""b'"", '05e3bee877f86e544ef2', 'desktop', 'vendor', ""vendor.05e3bee877f86e544ef2.min.js\\n'""]",3.0,37,10.75,8,non-ad
"/ps/index.js
",13,0,['.'],1,1,0,0,"[""index.js\\n'"", 'ps', ""js\\n'"", ""b'"", 'index']",2.321928094887362,11,5.0,5,non-ad
"/sw.js
",7,0,['.'],1,1,0,0,"[""sw.js\\n'"", ""js\\n'"", ""b'"", 'sw']",2.0,8,4.25,4,non-ad
"/assets/desktop/bundle.05e3bee877f86e544ef2.min.js
",51,1,"['.', '.', '.']",3,3,0,1,"[""bundle.05e3bee877f86e544ef2.min.js\\n'"", ""js\\n'"", 'assets', 'min', ""b'"", '05e3bee877f86e544ef2', 'bundle', 'desktop']",3.0,37,10.75,8,non-ad
"/v/j/postload-fp-8c83b8f369.js
",31,1,['.'],1,1,2,1,"[""js\\n'"", 'fp', 'j', ""b'"", '8c83b8f369', 'v', ""8c83b8f369.js\\n'"", 'postload']",3.0,16,5.625,8,non-ad
"/cache
",7,0,[],0,0,0,0,"[""cache\\n'"", ""b'""]",1.0,8,5.0,2,non-ad
"/v/j/a_n-fp-f3c728eb4b.js
",26,1,['.'],1,1,2,1,"[""js\\n'"", 'fp', ""f3c728eb4b.js\\n'"", 'j', ""b'"", 'v', 'a_n', 'f3c728eb4b']",3.0,16,5.0,8,non-ad
"//i.alicdn.com/ae-wholesale-ui/??loader.25fec587.js
",52,1,"['.', '.', '?', '?', '.', '.']",6,4,2,1,"['', 'wholesale', 'i', ""js\\n'"", 'alicdn', 'ui', 'i.alicdn.com', ""b'"", '??loader', ""??loader.25fec587.js\\n'"", 'ae', '25fec587']",3.584962500721156,23,6.5,12,non-ad
"//i.alicdn.com/ae-header/20190226193145/buyer/front/ae-header.js
",65,1,"['.', '.', '.']",3,3,2,0,"['', 'buyer', 'i', ""js\\n'"", 'alicdn', 'i.alicdn.com', ""b'"", 'front', '20190226193145', 'ae', ""header.js\\n'"", 'header']",3.584962500721156,14,5.833333333333333,12,non-ad
"//www.microsoft.com/onerfstatics/marketingsites-neu-prod/_h/46c44584/coreui.statics/externalscripts/jquery/jquery-3.3.1.min.js
",127,1,"['.', '.', '.', '.', '.', '.', '.']",7,7,3,1,"['', 'coreui', '3', '46c44584', ""b'"", 'jquery', 'www.microsoft.com', 'statics', 'microsoft', '1', '_h', ""3.3.1.min.js\\n'"", 'prod', 'www', 'onerfstatics', ""js\\n'"", 'marketingsites', 'neu', 'min', 'coreui.statics', 'externalscripts']",4.39231742277876,17,7.0,21,non-ad
"https://mem.gfx.ms/meversion?partner=MSHomePage&market=en-in&uhf=1
",67,1,"[':', '.', '.', '?', '&', '&']",6,2,1,0,"['', ""in&uhf=1\\n'"", 'mem', 'meversion?partner=MSHomePage&market=en', 'gfx', 'ms', ""b'https:"", 'mem.gfx.ms']",3.0,38,9.375,8,non-ad
"/js/tingyun-rum-feed.js?v=20181030
",35,1,"['.', '?']",2,1,2,0,"['tingyun', 'js', ""b'"", ""js?v=20181030\\n'"", 'feed', ""feed.js?v=20181030\\n'"", 'rum']",2.8073549220576046,21,7.857142857142857,7,non-ad
"//csdnimg.cn/public/common/libs/jquery/jquery-1.9.1.min.js
",59,1,"['.', '.', '.', '.', '.']",5,5,1,1,"['', 'public', 'libs', '1', 'csdnimg', ""js\\n'"", 'min', ""1.9.1.min.js\\n'"", ""b'"", 'jquery', 'csdnimg.cn', '9', 'cn', 'common']",3.8073549220576055,15,4.857142857142857,14,non-ad
"//csdnimg.cn/rabbit/exposure-click/main_flume.js?v1.15.35
",58,1,"['.', '.', '?', '.', '.']",5,4,1,0,"['', 'csdnimg', 'js?v1', ""main_flume.js?v1.15.35\\n'"", 'main_flume', '15', ""b'"", ""35\\n'"", 'csdnimg.cn', 'cn', 'click', 'rabbit', 'exposure']",3.7004397181410926,25,6.6923076923076925,13,non-ad
"/js/modernizr.js?1551160404
",28,1,"['.', '?']",2,1,0,0,"[""modernizr.js?1551160404\\n'"", ""js?1551160404\\n'"", 'modernizr', 'js', ""b'""]",2.321928094887362,26,11.0,5,non-ad
"//csdnimg.cn/public/common/toolbar/js/content_toolbar.js
",57,0,"['.', '.']",2,2,0,0,"['', 'public', ""content_toolbar.js\\n'"", ""js\\n'"", 'csdnimg', 'toolbar', 'js', ""b'"", 'csdnimg.cn', 'cn', 'common', 'content_toolbar']",3.584962500721156,21,6.916666666666667,12,non-ad
"https://ads.csdn.net/js/async_new.js
",37,0,"[':', '.', '.', '.']",4,3,0,0,"['', ""js\\n'"", 'ads.csdn.net', 'ads', ""b'https:"", 'js', ""async_new.js\\n'"", 'async_new', 'net', 'csdn']",3.321928094887362,15,6.1,10,ad
"https://ads.csdn.net/js/async_new.js
",37,0,"[':', '.', '.', '.']",4,3,0,0,"['', ""js\\n'"", 'ads.csdn.net', 'ads', ""b'https:"", 'js', ""async_new.js\\n'"", 'async_new', 'net', 'csdn']",3.321928094887362,15,6.1,10,ad
"https://ads.csdn.net/js/async_new.js
",37,0,"[':', '.', '.', '.']",4,3,0,0,"['', ""js\\n'"", 'ads.csdn.net', 'ads', ""b'https:"", 'js', ""async_new.js\\n'"", 'async_new', 'net', 'csdn']",3.321928094887362,15,6.1,10,ad
"https://ads.csdn.net/js/async_new.js
",37,0,"[':', '.', '.', '.']",4,3,0,0,"['', ""js\\n'"", 'ads.csdn.net', 'ads', ""b'https:"", 'js', ""async_new.js\\n'"", 'async_new', 'net', 'csdn']",3.321928094887362,15,6.1,10,ad
"https://ads.csdn.net/js/async_new.js
",37,0,"[':', '.', '.', '.']",4,3,0,0,"['', ""js\\n'"", 'ads.csdn.net', 'ads', ""b'https:"", 'js', ""async_new.js\\n'"", 'async_new', 'net', 'csdn']",3.321928094887362,15,6.1,10,ad
"https://ads.csdn.net/js/async_new.js
",37,0,"[':', '.', '.', '.']",4,3,0,0,"['', ""js\\n'"", 'ads.csdn.net', 'ads', ""b'https:"", 'js', ""async_new.js\\n'"", 'async_new', 'net', 'csdn']",3.321928094887362,15,6.1,10,ad
"https://ads.csdn.net/js/async_new.js
",37,0,"[':', '.', '.', '.']",4,3,0,0,"['', ""js\\n'"", 'ads.csdn.net', 'ads', ""b'https:"", 'js', ""async_new.js\\n'"", 'async_new', 'net', 'csdn']",3.321928094887362,15,6.1,10,ad
"https://ads.csdn.net/js/async_new.js
",37,0,"[':', '.', '.', '.']",4,3,0,0,"['', ""js\\n'"", 'ads.csdn.net', 'ads', ""b'https:"", 'js', ""async_new.js\\n'"", 'async_new', 'net', 'csdn']",3.321928094887362,15,6.1,10,ad
"https://ads.csdn.net/js/async_new.js
",37,0,"[':', '.', '.', '.']",4,3,0,0,"['', ""js\\n'"", 'ads.csdn.net', 'ads', ""b'https:"", 'js', ""async_new.js\\n'"", 'async_new', 'net', 'csdn']",3.321928094887362,15,6.1,10,ad
"https://ads.csdn.net/js/async_new.js
",37,0,"[':', '.', '.', '.']",4,3,0,0,"['', ""js\\n'"", 'ads.csdn.net', 'ads', ""b'https:"", 'js', ""async_new.js\\n'"", 'async_new', 'net', 'csdn']",3.321928094887362,15,6.1,10,ad
"//csdnimg.cn/public/common/libs/bootstrap/js/bootstrap.min.js
",62,0,"['.', '.', '.']",3,3,0,0,"['', 'public', 'libs', ""bootstrap.min.js\\n'"", 'csdnimg', ""js\\n'"", 'min', 'js', ""b'"", 'csdnimg.cn', 'cn', 'common', 'bootstrap']",3.7004397181410926,19,5.769230769230769,13,non-ad
"//csdnimg.cn/asdf/async-1.0.1.js
",33,1,"['.', '.', '.', '.']",4,4,1,1,"['', '1', ""js\\n'"", ""1.0.1.js\\n'"", 'csdnimg', '0', 'async', ""b'"", 'csdnimg.cn', 'cn', 'asdf']",3.459431618637298,11,4.363636363636363,11,non-ad
"//g.csdnimg.cn/track/1.0.1/track.js
",36,1,"['.', '.', '.', '.', '.']",5,5,0,0,"['', 'track', 'g', '1', 'csdnimg', '0', ""js\\n'"", ""track.js\\n'"", ""b'"", '1.0.1', 'cn', 'g.csdnimg.cn']",3.584962500721156,12,4.333333333333333,12,non-ad
"//csdnimg.cn/asdf/tracking-1.0.1.js
",36,1,"['.', '.', '.', '.']",4,4,1,1,"['', '1', ""js\\n'"", ""1.0.1.js\\n'"", 'csdnimg', '0', ""b'"", 'tracking', 'csdnimg.cn', 'cn', 'asdf']",3.459431618637298,11,4.636363636363637,11,non-ad
"//g.csdnimg.cn/fixed-sidebar/1.1.1/fixed-sidebar.js
",52,1,"['.', '.', '.', '.', '.']",5,5,2,0,"['', '1', 'g', 'sidebar', 'csdnimg', ""js\\n'"", ""sidebar.js\\n'"", 'fixed', ""b'"", '1.1.1', 'cn', 'g.csdnimg.cn']",3.584962500721156,13,5.0,12,non-ad
"//csdnimg.cn/pubfooter/js/publib_footer-1.0.3.js?v201807020000
",63,1,"['.', '.', '.', '.', '?']",5,4,1,0,"['', '1', '3', '0', 'csdnimg', ""1.0.3.js?v201807020000\\n'"", 'pubfooter', ""js?v201807020000\\n'"", 'js', ""b'"", 'publib_footer', 'csdnimg.cn', 'cn']",3.7004397181410926,25,7.076923076923077,13,non-ad
"/js/csdn_feed.min.js?1551160404
",32,1,"['.', '.', '?']",3,2,0,0,"['csdn_feed', 'min', ""js?1551160404\\n'"", 'js', ""b'"", ""csdn_feed.min.js?1551160404\\n'""]",2.584962500721156,30,10.333333333333334,6,non-ad
"//sdk.appadhoc.com/ab.plus.js
",30,0,"['.', '.', '.', '.']",4,4,0,0,"['', ""js\\n'"", 'sdk', ""b'"", 'sdk.appadhoc.com', 'appadhoc', ""ab.plus.js\\n'"", 'ab', 'plus']",3.169925001442312,16,5.888888888888889,9,non-ad
"https://g.csdnimg.cn/side-toolbar/1.2/side-toolbar.js
",54,1,"[':', '.', '.', '.', '.']",5,4,2,0,"['', '1', 'g', ""js\\n'"", 'csdnimg', 'toolbar', 'side', ""toolbar.js\\n'"", ""b'https:"", 'cn', '1.2', 'g.csdnimg.cn', '2']",3.7004397181410926,13,4.923076923076923,13,non-ad
"//g.csdnimg.cn/asdf/1.0.1/async.js
",35,1,"['.', '.', '.', '.', '.']",5,5,0,0,"['', '1', 'g', '0', 'csdnimg', ""js\\n'"", ""async.js\\n'"", 'async', ""b'"", '1.0.1', 'cn', 'g.csdnimg.cn', 'asdf']",3.7004397181410926,12,4.3076923076923075,13,non-ad
"//csdnimg.cn/public/common/indexSuperise/1.0.3/indexSuperise.js?20190111165312
",79,1,"['.', '.', '.', '.', '?']",5,4,0,0,"['', 'public', '1', '1.0.3', 'csdnimg', 'indexSuperise', '0', '3', ""js?20190111165312\\n'"", ""b'"", 'csdnimg.cn', ""indexSuperise.js?20190111165312\\n'"", 'cn', 'common']",3.8073549220576055,34,7.714285714285714,14,non-ad
"https://t.alipayobjects.com/images/rmsweb/T19ctgXcRlXXXXXXXX.js
",64,1,"[':', '.', '.', '.']",4,3,0,1,"['', 'alipayobjects', ""js\\n'"", 't.alipayobjects.com', ""b'https:"", 'rmsweb', 'T19ctgXcRlXXXXXXXX', ""T19ctgXcRlXXXXXXXX.js\\n'"", 't', 'images']",3.321928094887362,24,10.0,10,non-ad
"//www.ebay.com/scl/js/ScandalLoader.js
",39,0,"['.', '.', '.']",3,3,0,0,"['', 'scl', ""js\\n'"", 'ScandalLoader', 'www.ebay.com', 'js', ""b'"", 'ebay', ""ScandalLoader.js\\n'"", 'www']",3.321928094887362,19,6.3,10,non-ad
"https://ir.ebaystatic.com/rs/c/inception-rJ82oX3X.js
",53,1,"[':', '.', '.', '.']",4,3,1,1,"['', 'c', ""js\\n'"", 'rs', 'ir.ebaystatic.com', 'rJ82oX3X', ""b'https:"", ""rJ82oX3X.js\\n'"", 'ir', 'inception', 'ebaystatic']",3.459431618637298,17,6.909090909090909,11,non-ad
"https://ir.ebaystatic.com/rs/c/highlnfe-vT66o8OE.js
",52,1,"[':', '.', '.', '.']",4,3,1,1,"['', 'c', ""js\\n'"", 'rs', 'ir.ebaystatic.com', ""b'https:"", ""vT66o8OE.js\\n'"", 'ir', 'highlnfe', 'ebaystatic', 'vT66o8OE']",3.459431618637298,17,6.818181818181818,11,non-ad
"https://ir.ebaystatic.com/rs/c/jquery-unA6K0OI.js
",50,1,"[':', '.', '.', '.']",4,3,1,1,"['', 'c', ""unA6K0OI.js\\n'"", ""js\\n'"", 'rs', 'ir.ebaystatic.com', 'unA6K0OI', ""b'https:"", 'jquery', 'ir', 'ebaystatic']",3.459431618637298,17,6.636363636363637,11,non-ad
"https://ir.ebaystatic.com/rs/v/10341xh50yz21mhhydueu4m5wad.js
",62,1,"[':', '.', '.', '.']",4,3,0,1,"['', ""js\\n'"", 'rs', 'ir.ebaystatic.com', ""b'https:"", '10341xh50yz21mhhydueu4m5wad', 'v', 'ir', ""10341xh50yz21mhhydueu4m5wad.js\\n'"", 'ebaystatic']",3.321928094887362,33,10.5,10,non-ad
"https://ir.ebaystatic.com/rs/v/it02syay0qyozhdaszhv1jl4yyd.js
",62,1,"[':', '.', '.', '.']",4,3,0,1,"['', ""js\\n'"", 'it02syay0qyozhdaszhv1jl4yyd', 'rs', 'ir.ebaystatic.com', ""b'https:"", 'v', ""it02syay0qyozhdaszhv1jl4yyd.js\\n'"", 'ir', 'ebaystatic']",3.321928094887362,33,10.5,10,non-ad
"https://ir.ebaystatic.com/rs/c/dfp/v4.2.js
",43,1,"[':', '.', '.', '.', '.']",5,4,0,1,"['', 'c', ""js\\n'"", 'rs', 'ir.ebaystatic.com', ""b'https:"", ""v4.2.js\\n'"", 'dfp', 'ir', 'v4', 'ebaystatic', '2']",3.584962500721156,17,5.083333333333333,12,non-ad
"https://ir.ebaystatic.com/rs/v/ppqsuturhazszccfygmtigqynq0.js
",62,1,"[':', '.', '.', '.']",4,3,0,1,"['', ""js\\n'"", 'rs', 'ir.ebaystatic.com', ""b'https:"", 'v', 'ir', 'ppqsuturhazszccfygmtigqynq0', ""ppqsuturhazszccfygmtigqynq0.js\\n'"", 'ebaystatic']",3.321928094887362,33,10.5,10,non-ad
"https://ir.ebaystatic.com/rs/c/makeebayfasterscript-src-scripts-body-78a2168a.js
",81,1,"[':', '.', '.', '.']",4,3,4,1,"['', 'c', 'src', 'scripts', ""js\\n'"", 'rs', 'ir.ebaystatic.com', 'makeebayfasterscript', 'body', '78a2168a', ""b'https:"", 'ir', 'ebaystatic', ""78a2168a.js\\n'""]",3.8073549220576055,20,7.214285714285714,14,non-ad
"https://pm.pstatic.net/js/c/nlog_v181107.js
",44,1,"[':', '.', '.', '.']",4,3,0,1,"['', 'c', ""js\\n'"", ""b'https:"", 'js', 'net', 'pstatic', 'pm.pstatic.net', 'pm', ""nlog_v181107.js\\n'"", 'nlog_v181107']",3.459431618637298,18,6.545454545454546,11,non-ad
"https://ssl.pstatic.net/tveta/libs/assets/js/common/min/probe.min.js
",69,0,"[':', '.', '.', '.', '.']",5,4,0,0,"['', 'libs', ""js\\n'"", 'assets', 'min', ""b'https:"", 'js', 'ssl.pstatic.net', 'tveta', 'net', 'probe', 'pstatic', 'ssl', 'common', ""probe.min.js\\n'""]",3.906890595608518,15,5.8,15,non-ad
"https://pm.pstatic.net/js/c/jindo_v180212.js
",45,1,"[':', '.', '.', '.']",4,3,0,1,"['', 'c', ""js\\n'"", ""jindo_v180212.js\\n'"", ""b'https:"", 'js', 'net', 'pstatic', 'jindo_v180212', 'pm.pstatic.net', 'pm']",3.459431618637298,19,6.7272727272727275,11,non-ad
"https://m.media-amazon.com/images/G/01/imdb/js/collections/common-2839667071._CB479755740_.js
",94,1,"[':', '.', '.', '.', '.']",5,4,2,1,"['', 'amazon.com', 'media', ""js\\n'"", 'amazon', 'G', 'm', ""b'https:"", 'js', 'm.media', 'imdb', ""2839667071._CB479755740_.js\\n'"", '_CB479755740_', '2839667071', 'common', 'images', 'collections', '01']",4.169925001442313,30,7.055555555555555,18,non-ad
"https://m.media-amazon.com/images/G/01/imdb/js/collections/pagelayout-507369405._CB453103903_.js
",97,1,"[':', '.', '.', '.', '.']",5,4,2,1,"['', 'amazon.com', 'media', ""js\\n'"", 'amazon', 'G', 'm', ""507369405._CB453103903_.js\\n'"", ""b'https:"", 'js', '507369405', 'pagelayout', 'm.media', 'imdb', 'images', 'collections', '_CB453103903_', '01']",4.169925001442313,29,7.166666666666667,18,non-ad
"https://m.media-amazon.com/images/G/01/imdb/js/collections/recs-4056666173._CB454964228_.js
",92,1,"[':', '.', '.', '.', '.']",5,4,2,1,"['', 'amazon.com', 'media', ""js\\n'"", 'amazon', 'G', 'm', '4056666173', ""b'https:"", 'js', '_CB454964228_', 'm.media', 'imdb', ""4056666173._CB454964228_.js\\n'"", 'recs', 'images', 'collections', '01']",4.169925001442313,30,6.944444444444445,18,non-ad
"//s1.hdslb.com/bfs/seed/jinkela/short/report-new/log-reporter.js
",65,1,"['.', '.', '.']",3,3,2,1,"['', 'new', ""js\\n'"", 's1.hdslb.com', 'bfs', 'short', ""b'"", 'log', 's1', ""reporter.js\\n'"", 'reporter', 'report', 'hdslb', 'jinkela', 'seed']",3.906890595608518,14,5.266666666666667,15,non-ad
"//s1.hdslb.com/bfs/static/jinkela/long/js/jquery/jquery3.3.1.min.js
",68,1,"['.', '.', '.', '.', '.', '.']",6,6,0,1,"['', '3', '1', ""js\\n'"", 's1.hdslb.com', 'bfs', ""jquery3.3.1.min.js\\n'"", 'min', 'jquery3', 'js', ""b'"", 'long', 'jquery', 's1', 'hdslb', 'jinkela', 'static']",4.08746284125034,21,5.117647058823529,17,non-ad
"//s1.hdslb.com/bfs/static/jinkela/home/1.home.a1717e355329e18a4a3162458dd2bb1c4727f6fe.js
",90,1,"['.', '.', '.', '.', '.']",5,5,0,1,"['', '1', 'a1717e355329e18a4a3162458dd2bb1c4727f6fe', ""js\\n'"", 's1.hdslb.com', 'bfs', 'home', ""1.home.a1717e355329e18a4a3162458dd2bb1c4727f6fe.js\\n'"", ""b'"", 's1', 'hdslb', 'jinkela', 'static']",3.7004397181410926,53,10.76923076923077,13,non-ad
"//s1.hdslb.com/bfs/static/jinkela/home/home.a1717e355329e18a4a3162458dd2bb1c4727f6fe.js
",88,1,"['.', '.', '.', '.']",4,4,0,1,"['', 'a1717e355329e18a4a3162458dd2bb1c4727f6fe', ""js\\n'"", 's1.hdslb.com', 'bfs', 'home', ""b'"", 's1', ""home.a1717e355329e18a4a3162458dd2bb1c4727f6fe.js\\n'"", 'hdslb', 'jinkela', 'static']",3.584962500721156,51,11.416666666666666,12,non-ad
"//s1.hdslb.com/bfs/cm/st/bundle.js
",35,1,"['.', '.', '.']",3,3,0,1,"['', ""js\\n'"", 'st', 's1.hdslb.com', 'bfs', ""b'"", 's1', 'cm', ""bundle.js\\n'"", 'bundle', 'hdslb']",3.459431618637298,12,4.636363636363637,11,non-ad
"//static.hdslb.com/common/js/footer.js
",39,0,"['.', '.', '.']",3,3,0,0,"['', ""footer.js\\n'"", ""js\\n'"", 'static.hdslb.com', 'js', ""b'"", 'hdslb', 'footer', 'common', 'static']",3.321928094887362,16,6.0,10,non-ad
"https://github.githubassets.com/assets/compat-bootstrap-4857aac6.js
",68,1,"[':', '.', '.', '.']",4,3,2,1,"['', 'github.githubassets.com', ""js\\n'"", '4857aac6', 'github', 'assets', 'bootstrap', ""b'https:"", 'compat', ""4857aac6.js\\n'"", 'githubassets']",3.459431618637298,23,8.818181818181818,11,non-ad
"https://github.githubassets.com/assets/frameworks-0e0307a1.js
",62,1,"[':', '.', '.', '.']",4,3,1,1,"['', 'github.githubassets.com', 'frameworks', ""js\\n'"", 'github', 'assets', ""0e0307a1.js\\n'"", ""b'https:"", '0e0307a1', 'githubassets']",3.321928094887362,23,9.2,10,non-ad
"https://github.githubassets.com/assets/github-bootstrap-01bb88c1.js
",68,1,"[':', '.', '.', '.']",4,3,2,1,"['', 'github.githubassets.com', '01bb88c1', ""js\\n'"", 'github', 'assets', 'bootstrap', ""b'https:"", 'githubassets', ""01bb88c1.js\\n'""]",3.321928094887362,23,9.1,10,non-ad
"https://ajax.googleapis.com/ajax/libs/jquery/1.12.4/jquery.min.js
",66,1,"[':', '.', '.', '.', '.', '.', '.']",7,6,0,0,"['', 'libs', '1', '4', ""js\\n'"", '12', 'min', ""b'https:"", '1.12.4', 'jquery', ""jquery.min.js\\n'"", 'ajax.googleapis.com', 'ajax', 'googleapis']",3.8073549220576055,19,6.071428571428571,14,non-ad
https://cdn.sstatic.net/Js/stub.en.js?v=c388f4436c32,52,1,"[':', '.', '.', '.', '.', '?']",6,4,0,0,"['', 'en', 'stub', 'cdn', ""b'https:"", 'sstatic', 'net', 'Js', ""stub.en.js?v=c388f4436c32'"", 'cdn.sstatic.net', ""js?v=c388f4436c32'""]",3.459431618637298,26,8.0,11,non-ad
